atp_id,sheet,excel_row,sl_test_number,sl_atp_id,test_objective,test_data,steps,expected_result,pass_fail,comments
SP_plus_LP_002,SP + LP,2,,,Splash Page Verification,Splash Page,1. Download and launch app. | 2. Observe splash page.,Splash page will appear,,
SP_plus_LP_003,SP + LP,3,,,Landing Page (Printer Connected),Status Bar,1. Download and Launch App | 2. Ensure the HP 500 is connected | 3. Observe Landing Page," | Landing page should show |  | ""Hamburger Menu (Green Dot) HP Sprocket Panorama (XX:XX) |  | My Design |  | Photobooth |  | Print Photo""",,
SP_plus_LP_004,SP + LP,4,,,Landing Page (Printer Not Connected),Status Bar,1. Download and Launch App | 2. Ensure the HP 500 is not connected | 3. Observe Landing Page," | Landing page should show |  | ""Hamburger Menu     Add Printer + |  | My Design |  | Photobooth |  | Print Photo""",,
SP_plus_LP_005,SP + LP,5,,,Landing Page (Tile Tapped),Tile Opacity Effect,"1. Download and Launch App | 2. Connect the HP 500 | 3. Tap on each tile (my design,photobooth,printphoto) | 4. Observe the last tile tapped each time",The opacity of the tile last tapped will be at 50% each time.,,
SP_plus_LP_006,SP + LP,6,,,Hamburger Menu,Hamburger Menu,1. Download and Launch App | 2. Connect the HP 500 | 3. Tap the Hamburger ,The Hamburger Menu will appear.,,
MD_002,MD,2,,,My Design Page,Landscape Default,1. Download and Launch App | 2. Connect the HP 500 | 3. Tap My Design,The Design page will open and landcsape  | should be the default layout for the canvas,,
MD_003,MD,3,,,My Design Page,Portrait/Landscape,1. Download and Launch App | 2. Connect the HP 500 | 3. Tap My Design | 4. Tap the orientation,The orientation of the canvas will change. ,,
MD_004,MD,4,,,My Design Page,Length Adjust Bar,1. Download and Launch App | 2. Connect the HP 500 | 3. Tap My Design | 4. Move the Slider back and forth,The length of the canvas will change.,,
MD_005,MD,5,,,My Design Page,Length Adjust via Canvas,1. Download and Launch App | 2. Connect the HP 500 | 3. Tap My Design | 4. Move the canvas corners back and forth,The length of the canvas will change.,,
MD_006,MD,6,,,My Design Page,Zoom Canvas Edit Tool,1. Download and Launch App | 2. Connect the HP 500 | 3. Tap My Design | 4. Set a Length | 5. Pinch and spread the Canvas,The zoom of the canvas will change.,,
MD_007,MD,7,,,My Design Page,Image Import and Placemnent,"1. Download and Launch App | 2. Connect the HP 500 | 3. Tap My Design | 4. Set a Length | 5. Add an image | 6. Pinch and Spread, spin around to fit and place","The image will be able to rotate,  | move all around the canvas and resize",,
MD_008,MD,8,,,My Design Page,Frame Application,1. Download and Launch App | 2. Connect the HP 500 | 3. Tap My Design | 4. Set a Length | 5. Add all frames and accept the change each time,All frames will apply without issue,,
MD_009,MD,9,,,My Design Page,Sticker Application,1. Download and Launch App | 2. Connect the HP 500 | 3. Tap My Design | 4. Set a Length | 5. Add all stickers and accept the change each time, | All stickers will apply without issue,,
MD_010,MD,10,,,My Design Page,Sticker Opacity,1. Download and Launch App | 2. Connect the HP 500 | 3. Tap My Design | 4. Set a Length | 5. Add a sticker | 6. Change the opacity both ways,Opacity will change,,
MD_011,MD,11,,,My Design Page,Sticker Mirror,1. Download and Launch App | 2. Connect the HP 500 | 3. Tap My Design | 4. Set a Length | 5. Add a sticker | 6. Flip the sticker using mirror tool ,The sticker will mirror ,,
MD_012,MD,12,,,My Design Page,Sticker Rotation,1. Download and Launch App | 2. Connect the HP 500 | 3. Tap My Design | 4. Set a Length | 5. Add a sticker | 6. Rotate the sticker using arrows,The sticker will rotate,,
MD_013,MD,13,,,My Design Page,Sticker Delete Button,1. Download and Launch App | 2. Connect the HP 500 | 3. Tap My Design | 4. Set a Length | 5. Add a sticker | 6. Delete the sticker by tapping it and then using trash can button ,The sticker will delete,,
MD_014,MD,14,,,My Design Page,Sticker Add Button,1. Download and Launch App | 2. Connect the HP 500 | 3. Tap My Design | 4. Set a Length | 5. Add a sticker | 6. Add another sticker via + button,The sticker add menu will appear,,
MD_015,MD,15,,,My Design Page,Add Text,"1. Download and Launch App | 2. Connect the HP 500 | 3. Tap My Design | 4. Set a Length | 5. Add Text in all fonts, allignments, colors, backgrounds",The text will appear as oriented and customized ,,
MD_016,MD,16,,,My Design Page,Add Text Delete Button,1. Download and Launch App | 2. Connect the HP 500 | 3. Tap My Design | 4. Set a Length | 5. Add Text | 6. Delete the same text by tapping on it  | and hitting the trash can button ,Text will be deleted,,
MD_017,MD,17,,,My Design Page,Add Text Add Button,1. Download and Launch App | 2. Connect the HP 500 | 3. Tap My Design | 4. Set a Length | 5. Add Text | 6. Add more text by tapping the | same text and then pressing + button,Text box will appear and allow you to add more text,,
MD_018,MD,18,,,My Design Page,Text Color Selection Dropper,1. Download and Launch App | 2. Connect the HP 500 | 3. Tap My Design | 4. Set a Length | 5. Add Text and image | 6. Change color of text using dropper tool to copy a color of another asset on screen,The color will match the asset you select,,
MD_019,MD,19,,,My Design Page,Paint Tool ,1. Download and Launch App | 2. Connect the HP 500 | 3. Tap My Design | 4. Set a Length | 5. Select paint tool,"The paint tool will show thickness, stroke density, and color option",,
MD_020,MD,20,,,My Design Page,Paint Tool Customizations,"1. Download and Launch App | 2. Connect the HP 500 | 3. Tap My Design | 4. Set a Length | 5. Select paint tool | 6. Use all default colors, use min, mid, and max thickness, use min, mid, max stroke denisty for painting.",The strokes will reflect the settings,,
MD_021,MD,21,,,My Design Page,Paint Tool Delete Button,1. Download and Launch App | 2. Connect the HP 500 | 3. Tap My Design | 4. Set a Length | 5. Select paint tool | 6. Press the Delete Button,All drawings will be erased,,
MD_022,MD,22,,,My Design Page,Crop and Rotate Page,1. Download and Launch App | 2. Connect the HP 500 | 3. Tap My Design | 4. Set a Length | 5. Select Crop and Rotate tool," | Aspect Ratio, Mirror Button, Rotate bar, rotate 90 degrees button will appear.",,
MD_023,MD,23,,,My Design Page,Crop and Rotate Customizations,"1. Download and Launch App | 2. Connect the HP 500 | 3. Tap My Design | 4. Set a Length | 5. Select Crop and Rotate tool | 6. Change Aspect Ratio, Mirror the photo, manually rotate by swiping the bar left and right, and rotate 90 degrees at a time using rotate 90 degrees button. ","Aspect Ratio, Mirror Button, Rotate bar, rotate 90 degrees button will change image as commanded",,
MD_024,MD,24,,,My Design Page,Alert Message,1. Download and Launch App | 2. Connect the HP 500 | 3. Tap My Design | 4. Set a Length | 5. Leave canvas blank and press print," | The following will appear | ""Print a blank sheet? |  | ____________________ |  | Are you sure you want to print a blank | sheet? You may want to first add photos or | 	other elements.  |  | (Don't print yet) |  | (Print blank sheet)""",,
MD_025,MD,25,,,My Design Page,Alert Message Button,1. Download and Launch App | 2. Connect the HP 500 | 3. Tap My Design | 4. Set a Length | 5. Leave canvas blank and press print | 6. Press (Print blank sheet),The print screen will appear,,
MD_026,MD,26,,,My Design Page,Alert Message Button,1. Download and Launch App | 2. Connect the HP 500 | 3. Tap My Design | 4. Set a Length | 5. Leave canvas blank and press print | 6. Press (Don't print yet),The edit screen will appear,,
MD_027,MD,27,,,My Design Page,Print,1. Download and Launch App | 2. Connect the HP 500 | 3. Tap My Design | 4. Set a Length | 5. Add an image | 6. Print,The image should print and prompt user to press cutter,,
MD_028,MD,28,,,My Design Page,Add Printer Button,"1. Ensure no printer connected, press add printer button | 2. Connect the HP 500 | 3. Tap My Design | 4. Set a Length | 5. Add an image | 6. Print",Manage Printers Page appears ,,
PB_002,PB,2,,,Photobooth Mode,Photobooth Page,1. Download and Launch App | 2. Connect the HP 500 | 3. Select Photobooth mode and ok to the pop up.,"The following will appear |  | "" | < |  |  |  |  |  |  | Camera flip |  |  | Start capture button |  |  | """,,
PB_003,PB,3,,,Photobooth Mode,Photobooth Camera Flip,1. Download and Launch App | 2. Connect the HP 500 | 3. Select Photobooth mode | 4. Press camera flip,The camera will switch to the back and the flash toggle will appear,,
PB_004,PB,4,,,Photobooth Mode,Photobooth Camera Flash,1. Download and Launch App | 2. Connect the HP 500 | 3. Select Photobooth mode | 4. Press camera flip | 5. Press Flash button and press capture,Flash icon indicates it's toggled on and will flash when each picture is taken,,
PB_005,PB,5,,,Photobooth Mode,Photobooth Progress Wheel,1. Download and Launch App | 2. Connect the HP 500 | 3. Select Photobooth mode | 4. Press capture,The progress wheel will fill red as each picture is taken,,
PB_006,PB,6,,,Photobooth Mode,Photobooth Smile Asset,1. Download and Launch App | 2. Connect the HP 500 | 3. Select Photobooth mode | 4. Press capture, | Each picture will show you either a happy face  | or a happy winking face as it's captured,,
PB_007,PB,7,,,Photobooth Mode,Photobooth Countdown,1. Download and Launch App | 2. Connect the HP 500 | 3. Select Photobooth mode | 4. Press capture,Every second the corresponding digit of the countdown will illuminate,,
PB_008,PB,8,,,Photobooth Mode,Pop Up Message,1. Download and Launch App | 2. Connect the HP 500 | 3. Select Photobooth mode," | Pop up will appear "" | Photobooth |  | Use the Photobooth feature | to take 4 photos in a row | and compile them on one  | Sprocket Panorama print. | Strike a pose! | _______________________________ |  | (Don't Show Again) (OK)""",,
PB_009,PB,9,,,Photobooth Mode,Photobooth Picture,1. Download and Launch App | 2. Connect the HP 500 | 3. Select Photobooth mode | 4. Press capture,4 pictures in a vertical line will appear,,
PB_010,PB,10,,,Photobooth Mode,Printing,1. Download and Launch App | 2. Connect the HP 500 | 3. Select Photobooth mode | 4. Capture | 5. Select Print,Image should print and prompt user to press cutter,,
PH_plus_PC_plus_CS_002,PH + PC + CS,2,,,Print Photo,Print Photo Page ,1. Download and Launch App | 2. Connect the HP 500 | 3. Select Print Photo,"Page will appear"" | (<)  Set Paper Length (Next) |  |  |  | (+) Custom Length        (Portrait/Landscape icon) |  | Suggested		 (Fill Icon) |  | * Best Fit  2""x3.2"" |  | * Tag       2""x4"" |  | * Sticker   2""x2"" |  | * Label     2""x6"" |  | """,,
PH_plus_PC_plus_CS_003,PH + PC + CS,3,,,Print Photo,Auto Orientation ,1. Download and Launch App | 2. Connect the HP 500 | 3. Select Print Photo | 4. Pick Portait and Landscape picture,Depending on photo orientation it will auto display in same orientation,,
PH_plus_PC_plus_CS_004,PH + PC + CS,4,,,Print Photo,Double Tap Reset Photo Zoom,1. Download and Launch App | 2. Connect the HP 500 | 3. Select Print Photo | 4. Pinch to zoom out | 5. Double tap picture,It will reset to original,,
PH_plus_PC_plus_CS_005,PH + PC + CS,5,,,Print Photo,Fill/Fit Button,1. Download and Launch App | 2. Connect the HP 500 | 3. Select Print Photo | 4. Select Fill/Fit Button,The photo will switch between fill and fit,,
PH_plus_PC_plus_CS_006,PH + PC + CS,6,,,Print Photo,Preset Size Options,"1. Download and Launch App | 2. Connect the HP 500 | 3. Select Print Photo | 4. Tap Best Fit, Tag, Sticker, And Label | 5. Observe changes",The sizing will change each option,,
PH_plus_PC_plus_CS_007,PH + PC + CS,7,,,Print Photo,Custom Size Option,1. Download and Launch App | 2. Connect the HP 500 | 3. Select Print Photo | 4. Tap custom size,The custom size tool from the My Design tab will appear. ,,
PH_plus_PC_plus_CS_008,PH + PC + CS,8,,,Print Photo,Custom Size Option Fill/Fit Button,1. Download and Launch App | 2. Connect the HP 500 | 3. Select Print Photo | 4. Tap custom size | 5. Tap Fill/Fit button,The photo will fill/fit,,
PH_plus_PC_plus_CS_009,PH + PC + CS,9,,,Print Photo,Custom Size Adjustment Tool,1. Download and Launch App | 2. Connect the HP 500 | 3. Select Print Photo | 4. Tap custom size | 5. Test the bar and sides of the photo to change size,The adjustments will reflect based on user input,,
PH_plus_PC_plus_CS_010,PH + PC + CS,10,,,Print Photo,Print from Facebook,1. Download and Launch App | 2. Connect the HP 500 | 3. Select Print Photo | 4. Select from Facebook Gallery and print,Photos will import and print,,
PH_plus_PC_plus_CS_011,PH + PC + CS,11,,,Print Photo,Print from Instagram,1. Download and Launch App | 2. Connect the HP 500 | 3. Select Print Photo | 4. Select from Instagram Gallery and print,Photos will import and print,,
PH_plus_PC_plus_CS_012,PH + PC + CS,12,,,Print Photo,Print from Google Photos,1. Download and Launch App | 2. Connect the HP 500 | 3. Select Print Photo | 4. Select from Google Photos Gallery and print,Photos will import and print,,
PH_plus_PC_plus_CS_013,PH + PC + CS,13,,,Print Photo,Print from Camera,1. Download and Launch App | 2. Connect the HP 500 | 3. Select Print Photo | 4. Use camera to take photo and print,Photos will import and print,,
PH_plus_PC_plus_CS_014,PH + PC + CS,14,,,Print Photo,Print Button (connected),1. Download and Launch App | 2. Connect the HP 500 | 3. Select Print Photo | 4. Select Photo from Gallery | 5. Select Print Button on top right | 6. Observe Print Button, |  | The print button will be green ,,
PH_plus_PC_plus_CS_015,PH + PC + CS,15,,,Print Photo,Print Button (Device Powered Off),1. Download and Launch App | 2. Connect the HP 500 and power it off | 3. Select Print Photo | 4. Select Photo from Gallery | 5. Select Print Button on top right | 6. Observe Print Button, |  | The print button will be gray,,
PH_plus_PC_plus_CS_016,PH + PC + CS,16,,,Print Photo,Print Button (Not connected) ,1. Download and Launch App | 2. Do not Connect the HP 500 | 3. Select Print Photo | 4. Select Photo from Gallery | 5. Select Print Button on top right | 6. Observe Add Printer button,The add printer button will appear for connection,,
PH_plus_PC_plus_CS_017,PH + PC + CS,17,,,Print Photo,Print Button (Device Powered Off) Pop Up,1. Download and Launch App | 2. Connect the HP 500 and power off | 3. Select Print Photo | 4. Select Photo from Gallery | 5. Select Print Button on top right | 6. Press gray Print Button,"Pop up ""Printer not connected |  | _______________________ |  | Add to this photo to the Queue and it will be  | ready to print next time you connect. |  | (Add to queue) | (Cancel)""",,
PH_plus_PC_plus_CS_018,PH + PC + CS,18,,,Print Photo,Add to Queue Button,1. Download and Launch App | 2. Connect the HP 500 and power off | 3. Select Print Photo | 4. Select Photo from Gallery | 5. Select Print Button on top right | 6. Press gray Print Button | 7. Press Add to Queue,"Toast message ""Photo added to print queue. ""  (View button)",,
PH_plus_PC_plus_CS_019,PH + PC + CS,19,,,Print Photo,View Print Queue (Power Off),1. Download and Launch App | 2. Connect the HP 500 and power off | 3. Select Print Photo | 4. Select Photo from Gallery | 5. Select Print Button on top right | 6. Press gray Print Button | 7. Press Add to Queue and then view,Takes user to Print Queue,,
PH_plus_PC_plus_CS_020,PH + PC + CS,20,,,Print Photo,View Print Queue (Connected),1. Download and Launch App | 2. Connect the HP 500 | 3. Select Print Photo | 4. Select Photo from Gallery | 5. Select Print Button on top right | 6. Press green Print Button | 7. Press View,Takes user to Print Queue,,
PH_plus_PC_plus_CS_021,PH + PC + CS,21,,,Print Photo,Add Printer Button Connection,1. Download and Launch App | 2. Do not Connect the HP 500 | 3. Select Print Photo | 4. Select Photo from Gallery | 5. Select Print Button on top right | 6. Press Add Printer button,The HP500 will appear if powered on should connect without issue,,
PH_plus_PC_plus_CS_022,PH + PC + CS,22,,,Print Photo,Status Bar (Printer Online),1. Download and Launch App | 2. Connect the HP 500 | 3. Select Print Photo,Status bar will be green on top,,
PH_plus_PC_plus_CS_023,PH + PC + CS,23,,,Print Photo,Status Bar (Printer Offline),1. Download and Launch App | 2. Connect the HP 500 and power off | 3. Select Print Photo,Status bar will be gray on top,,
PH_plus_PC_plus_CS_024,PH + PC + CS,24,,,Print Photo,Save Pop Up,1. Download and Launch App | 2. Connect the HP 500 | 3. Select Print Photo | 4. Make changes to a photo | 5. Exit | ,"Pop up | "" | Save as new photo? | __________________ |  | If you do not save you will lose any new | 	edits you have applied. |  |  | (Save to gallery) |  | (Do not save)",,
PH_plus_PC_plus_CS_025,PH + PC + CS,25,,,Print Photo,Share Function,1. Download and Launch App | 2. Connect the HP 500 | 3. Select Print Photo | 4. Select a picture | 5. Tap share button and share | ,Picture will be shared and the preview will remain on screen,,
PH_plus_PC_plus_CS_026,PH + PC + CS,26,,,Print Photo,Save Function,1. Download and Launch App | 2. Connect the HP 500 | 3. Select Print Photo | 4. Make changes to a photo | 5. Save to Gallery | ,Picture will be in gallery,,
PH_plus_PC_plus_CS_027,PH + PC + CS,27,,,Print Photo,Print Pop Up,1. Download and Launch App | 2. Connect the HP 500 | 3. Select Print Photo | 4. Print Photo,"Pop up | "" | Go to Print | __________________ | Your edits cannot be changed afterwards! | Note: When you print, your work will be | saved to gallery as a new image. |  |  | (Cancel)(OK) |  | [] Don't show everytime """,,
PH_plus_PC_plus_CS_028,PH + PC + CS,28,,,Ready to Cut,Ready to Cut Pop Up (1 Photo),1. Download and Launch App | 2. Connect the HP 500 | 3. Select Print Photo | 4. Print Photo | 5. Observe Pop Up,"Pop Up | "" | Ready to Cut! | _______________ |  | Your print is ready! Press down on the | paper cutter to continue. |  |  |  |  |  | (close) | """,,
PH_plus_PC_plus_CS_029,PH + PC + CS,29,,,Ready to Cut,Ready to Cut Pop Up (Multi Photo),1. Download and Launch App | 2. Connect the HP 500 | 3. Select Print Photo | 4. Print more than 2 copies | 5. Observe Pop Up," | Pop Up | "" | Ready to Cut! | _______________ |  | Your print is ready! Press down on the | paper cutter to continue. |  |  |  |  |  | (close) |  |  | ______ More options________ |  | (Skip cutting and print next) |  | (Skip cutting and print (number) remaining) |  | """,,
PH_plus_PC_plus_CS_030,PH + PC + CS,30,,,Calibration Sheet,Calibration Pop Up,1. Download and Launch App | 2. Connect the HP 500 | 3. Select Print Photo | 4. Print Photo with brand new roll | 5. Observe calibration Pop Up," | Pop up "" |  | Printer is calibrating |  | ______________________ |  | (GIF) |  |  | Please wait a moment for the calibration sheet | to finish printing. |  | """,,
PH_plus_PC_plus_CS_031,PH + PC + CS,31,,,Calibration Sheet,Calibration Cut Pop Up,1. Download and Launch App | 2. Connect the HP 500 | 3. Select Print Photo | 4. Print Photo with brand new roll | 5. Allow it to finish," |  | Pop up "" |  | Cut calibration sheet |  | ______________________ |  | Use the cutter to remove calibration sheet | and your photo will begin printing. |  | (Close) | """,,
PH_plus_PC_plus_CS_032,PH + PC + CS,32,,,Ready to Cut,Skip cutting and print next Button,1. Download and Launch App | 2. Connect the HP 500 | 3. Select Print Photo | 4. Print 2 copies | 5. Skip cutting and print next,Printer will print next photo,,
PH_plus_PC_plus_CS_033,PH + PC + CS,33,,,Ready to Cut,Skip cutting and print (number) remaining  Button,1. Download and Launch App | 2. Connect the HP 500 | 3. Select Print Photo | 4. Print more than 2 copies  | 5. Press Skip cutting and print next (number) button,All prints will come out in a row with no cuts,,
PH_plus_PC_plus_CS_034,PH + PC + CS,34,,,Calibration Sheet,Calibration Sheet Pop Up,1. Download and Launch App | 2. Connect the HP 500 | 3. Select Print Photo | 4. Print Photo with brand new roll | 5. Observe calibrtation Pop Up,"Pop up ""Printer is calibrating |  | Please wait a moment for calibration sheet | to finish printing.""",,
PH_plus_PC_plus_CS_035,PH + PC + CS,35,,,Calibration Sheet,Calibration Sheet Cut Pop Up,1. Download and Launch App | 2. Connect the HP 500 | 3. Select Print Photo | 4. Print Photo with brand new roll | 5. Wait until its calibrated," | Pop up "" |  | Cut calibration sheet |  | ______________________ |  | Use the cutter to remove calibration sheet | and your photo will begin printing. |  | (Close) | """,,
Photo_ID_002,Photo ID,2,,,Photo ID Mode,Photo ID Mode Layout,1. Download and Launch App | 2. Connect the HP 500 | 3. Select Print Photo | 4. Select Camera | 5. Select Photo ID mode,,,
Photo_ID_003,Photo ID,3,,,Photo ID Mode,Tips Bar,1. Download and Launch App | 2. Connect the HP 500 | 3. Select Print Photo | 4. Select Camera | 5. Select Photo ID mode | 6. Press Next on the tips bar | 7. Cycle through all three | 8. Press PREV button to go back to 1," | The following will appear as you navigate | "" | Tip 1: Stand in front of a solid white background. | Tip 2: Do not waer any hats or accessories | Tip 3: Move the camera to position the face within the guides""",,
Photo_ID_004,Photo ID,4,,,Photo ID Mode,Size Changer Button,1. Download and Launch App | 2. Connect the HP 500 | 3. Select Print Photo | 4. Select Camera | 5. Select Photo ID mode | 6. Press the size changer button | 7. Cycle through all,"Sizes will change and provide the size in the  | bottom left corner of the subject guide.  |  | Sizes are 2x2, 1.4x1.8, 1.3x1.9, and 1x1.",,
Photo_ID_005,Photo ID,5,,,Photo ID Mode,Tips Toggle Button,1. Download and Launch App | 2. Connect the HP 500 | 3. Select Print Photo | 4. Select Camera | 5. Select Photo ID mode | 6. Press the Tips button,"Tips will dissapear, center head  | and eye level labels dissapear",,
Photo_ID_006,Photo ID,6,,,Photo ID Mode,Timer ,1. Download and Launch App | 2. Connect the HP 500 | 3. Select Print Photo | 4. Select Camera | 5. Select Photo ID mode | 6. Press the timer button and repeat for each timer setting after capturing. ,Timer countdown options will appear for the camera,,
Photo_ID_007,Photo ID,7,,,Photo ID Mode,Selfie Camera,1. Download and Launch App | 2. Connect the HP 500 | 3. Select Print Photo | 4. Select Camera | 5. Select Photo ID mode | 6. Press the camera reverse button. ,The selfie camera will appear,,
Photo_ID_008,Photo ID,8,,,Photo ID Mode,Flash Toggle,1. Download and Launch App | 2. Connect the HP 500 | 3. Select Print Photo | 4. Select Camera | 5. Select Photo ID mode | 6. Press the flash button and capture a photo.  ,Flash will fire when image is captured,,
SL_002,SL,2,1,SL_002,Sign Up/Sign In,Email Address Warning Message Sign Up,"1. Download and Launch App | 2. Connect the HP 500 | 3. Enter Name | 4. Enter ""t"" in the email box | 5. Enter ""t"" in the password box","Warning Message | ""Alert |  | Please enter your email address |  | (Ok)""",,
SL_003,SL,3,2,SL_003,Sign Up/Sign In,Password Warning Message Sign Up,"1. Download and Launch App | 2. Connect the HP 500 | 3. Enter Name | 4. Enter ""test@test.com"" in the email box | 5. Enter ""t"" in the password box","Warning Message | ""Alert |  | At least 8 characters, at least one | lowercase and one uppercase letter |  | (Ok)""",,
SL_004,SL,4,3,SL_004,Sign Up/Sign In,Password Warning Message Sign Up,"1. Download and Launch App | 2. Connect the HP 500 | 3. Enter Name | 4. Enter ""test@test.com"" in the email box | 5. Enter ""testpass1"" in the password box","Warning Message | ""Alert |  | At least 8 characters, at least one | lowercase and one uppercase letter |  | (Ok)""",,
SL_005,SL,5,4,SL_005,Sign Up/Sign In,Password Warning Message Sign Up,"1. Download and Launch App | 2. Connect the HP 500 | 3. Enter Name | 4. Enter ""test@test.com"" in the email box | 5. Enter ""Testpass"" in the password box","Warning Message | ""Alert |  | At least 8 characters, at least one | lowercase and one uppercase letter |  | (Ok)""",,
SL_006,SL,6,5,SL_006,Sign Up/Sign In,Password Warning Message Sign Up,"1. Download and Launch App | 2. Connect the HP 500 | 3. Enter Name | 4. Enter valid email in the email box | 5. Enter ""Testpass1"" in the password box",Should not display warning and will send the user to onboarding,,
SL_007,SL,7,6,SL_007,Sign Up/Sign In,Email Warning Message Sign In,"1. Download and Launch App | 2. Connect the HP 500 | 3. Press Already have an account | 4. Enter ""T"" for the email | 5. Enter ""T"" for the password","Warning Message | ""Alert |  | Please enter your email address |  | (Ok)""",,
SL_008,SL,8,7,SL_008,Sign Up/Sign In,Password Warning Message Sign In,"1. Download and Launch App | 2. Connect the HP 500 | 3. Press Already have an account | 4. Enter valid email for the email | 5. Enter ""Testpass"" for the password","Warning Message | ""Alert |  | At least 8 characters, at least one | lowercase and one uppercase letter |  | (Ok)""",,
SL_009,SL,9,8,SL_009,Sign Up/Sign In,Password Warning Message Sign In,"1. Download and Launch App | 2. Connect the HP 500 | 3. Press Already have an account | 4. Enter valid email for the email | 5. Enter ""testpass1"" for the password","Warning Message | ""Alert |  | At least 8 characters, at least one | lowercase and one uppercase letter |  | (Ok)""",,
SL_010,SL,10,9,SL_010,Sign Up/Sign In,Password Warning Message Sign In,"1. Download and Launch App | 2. Connect the HP 500 | 3. Press Already have an account | 4. Enter valid email for the email | 5. Enter ""t"" for the password","Warning Message | ""Alert |  | At least 8 characters, at least one | lowercase and one uppercase letter |  | (Ok)""",,
SL_011,SL,11,10,SL_011,Sign Up/Sign In,Password Warning Message Sign In,"1. Download and Launch App | 2. Connect the HP 500 | 3. Press Already have an account | 4. Enter valid email for the email | 5. Enter ""Testpass1"" for the password",Should not display warning and will send the user to onboarding,,
SL_012,SL,12,11,SL_012,Sign Up/Sign In,Forgot Password,1. Download and Launch App | 2. Connect the HP 500 | 3. Press I already have an account | 4. Press forgot password | 5. Enter email | 6. Press send,Email will be sent to user for password reset,,
SL_013,SL,13,12,SL_013,Sign Up/Sign In,Forgot Password Email,1. Download and Launch App | 2. Connect the HP 500 | 3. Open the email and reset the password,Password will reset,,
SL_014,SL,14,13,SL_014,Sign Up/Sign In,Forgot Password Email,1. Download and Launch App | 2. Connect the HP 500 | 3. Open the email and use the link again,User should be told they can't use link a second time,,
SL_015,SL,15,14,SL_015,Sign Up/Sign In,Forgot Password Email,1. Download and Launch App | 2. Connect the HP 500 | 3. Open a new password reset email after 60 minutes and try to use the link ,User should be told they can't use the link as it expired,,
SL_016,SL,16,15,SL_016,Sign Up/Sign In,Forgot Password Email Parameters,"1. Download and Launch App | 2. Connect the HP 500 | 3. Open the reset link and enter ""testpass1"""," |  | Alert will appear under text box | ""There should be at least one upper case characters""",,
SL_017,SL,17,16,SL_017,Sign Up/Sign In,Forgot Password Email Parameters,"1. Download and Launch App | 2. Connect the HP 500 | 3. Open the reset link and enter ""testpass"""," | Alert will appear under text box | ""There should be at least one number""",,
SL_018,SL,18,17,SL_018,Sign Up/Sign In,Forgot Password Email Parameters,"1. Download and Launch App | 2. Connect the HP 500 | 3. Open the reset link and enter ""Test1"""," | Alert will appear under text box | ""Password must contain at least 8 characters""",,
SL_019,SL,19,18,SL_019,Sign Up/Sign In,Skip Login/Signup,1. Download and Launch App | 2. Connect the HP 500 | 3. Press I'll do it later,Sends user to Onboarding,,
OF_002,OF,2,,,Onboarding,Get Started Page,1. Download and Launch App | 2. Sign in or skip sign in,"Page Appears  |  | ""Print photos and memories |  | Hp Sprocket makes preserving memories easy. Connect with | sprocket, find and select your favorite photo, and send it to | print.  |  |  | By continuing, you acknowledge that this app is owned by C&A | Marketing, Inc.,an authorized licensee of HP, Inc. and you agree that you have read and accept the End User License Agreement | and the HP Sprocket Terms of Service.  |  |  |  | On the Next Screen, you will customize your Data Collection settings.  |  | (Get Started Button)  |  | Note: The Sprocket app Reveal feature has been removed.""",,
OF_003,OF,3,,,Onboarding,Welcome Page,1. Download and Launch App | 2. Sign in or skip sign in | 3. Press get started,"Page Appears  |  | ""					Skip all |  | Welcome to Sprocket | Panorama! |  | Choose the perfect paper length for your print up to | 9 inches! Decorate it with sticker, doodles, frames, | and more! |  | Press 'Next' to begin setting up your device | (Prev)                            (Next)""""",,
OF_004,OF,4,,,Onboarding,Charge + Power On  Page,1. Download and Launch App | 2. Go to Welcome page in onboarding | 3. Press next," | Page Appears  |  | ""					Skip all |  | Charge + Power On |  | Plug in the USB cord to charge and automatically power | on the printer. When not charging, press and hold the power button until the LEDs light up. |  | (Prev)                            (Next)""",,
OF_005,OF,5,,,Onboarding,Load Cleaning Sheet Page,1. Download and Launch App | 2. Go to Charge + Power On  Page in onboarding | 3. Press next,"Page appears   ""					Skip all |  | Load Cleaning Sheet |  | Remove the cover and feed edge of the cleaning sheet | into the slot until it hits the stopper. |  | (Prev)                            (Next)""",,
OF_006,OF,6,,,Onboarding,Load Cleaning Sheet Page Info Page,1. Download and Launch App | 2. Go to Charge + Power On  Page in onboarding | 3. Press next | 4. Press the info button,"Pop up appears |  | ""  |  | (Picture of cleaning sheet) |  | Use the Cleaning Sheet... | * before loading any paper. | * if streaks appear on your prints. | """,,
OF_007,OF,7,,,Onboarding,Close Cover Page,1. Download and Launch App | 2. Go to Load Cleaning Sheet Page in onboarding | 3. Press next," | Page Appears  |  | ""					Skip all |  |  | Close Cover | Place cover back on printer until it clicks in place, then | the cleaning sheet will automatically start to feed. |  | (Prev)                            (Next)""",,
OF_008,OF,8,,,Onboarding,Close Cover Page Info Page,1. Download and Launch App | 2.  Go to Load Cleaning Sheet Page in onboarding | 3. Press next | 4. Press the info button,"Pop up appears |  | ""  |  | (Picture of cleaning sheet) |  | Use the Cleaning Sheet... | * before loading any paper. | * if streaks appear on your prints. | """,,
OF_009,OF,9,,,Onboarding,Ready Paper Roll Page,1. Download and Launch App | 2. Go to Close Cover page in onboarding | 3. Press next," | Page Appears  |  | ""					Skip all |  |  | Ready Paper Roll | (a) Once the cleaning sheet it out, remove the cover and | twist the cap off the end of the holder. | (b) Place the paper roll onto the paper roll holder and | twist the cap back onto the end of the holder until it | clicks in place | (Prev)                            (Next)""",,
OF_010,OF,10,,,Onboarding,Load Paper Roll Page,1. Download and Launch App | 2. Go to Ready Paper Roll page in onboarding | 3. Press next | ," | Page Appears  |  | ""					Skip all |  |  | Load Paper Roll |  | Feed edge of paper into slot until it reaches the stopper. |  | (Prev)                            (Next)""",,
OF_011,OF,11,,,Onboarding,Load Paper Roll Info Page,1. Download and Launch App | 2. Go to Ready Paper Roll page in onboarding | 3. Press next | 4. Press Info,"Pop up appears:  | ""Each roll of paper has a sticker on | the starting edge which allows the | printer to calibrate. Ensure the printer  | is powered on when loading, | and it will calibrate automatically. |  | Also make sure to buy HP Sprocket  | Panorama Photo Paper Roll for use | with HP Sprocket Panorama.""",,
OF_012,OF,12,,,Onboarding,Close Cover (Paper Loading) Page,1. Download and Launch App | 2. Go to Load Paper Roll page in onboarding | 3. Press next," | Page Appears  |  | ""					Skip all |  |  | Close Cover | Place the paper roll holder back inside and make sure it | clicks in before closing the cover. |  | NOTE: Printer will automatically start calibrating and will | print a calibration barcode sticker. |  | (Prev)                            (Next)""",,
OF_013,OF,13,,,Onboarding,Cut Barcode Sticker Page,1. Download and Launch App | 2. Go to Close Cover (Paper Loading) Page in onboarding | 3. Press next," |  |  |  |  |  | Page Appears  |  | ""					Skip all |  | Cut Barcode Sticker |  | After printer automatically prints the calibration barcode | sticker, press down on the paper cutter to remove it.  |  | (Prev)                            (Next)""",,
OF_014,OF,14,,,Onboarding,Get Connected Page,1. Download and Launch App | 2. Go to Cut Barcode Sticker Page in onboarding | 3. Press next," | Page Appears  |  | ""					Skip all |  | Get Connected |  | Bluetooth(R) and printer turned on? Connect your | mobile device to the printer. |  |  | (Prev)                            (Next)""",,
OF_015,OF,15,,,Onboarding,Get Connected Info Page,1. Download and Launch App | 2. Go to Get Connected Page in onboarding | 3. Press info button ," | Pop up appears:  | ""Unable to connect?  | Three users can connect to the | printer. Check who is printing and | connect when someone finishes.  |  | Still have questions? | See the HP Sprocket Panorama | (Hyperlink [User Guide.])""",,
OF_016,OF,16,,,Onboarding,Get Connected Info Page User Guide Hyperlink,1. Download and Launch App | 2. Go to Get Connected Page in onboarding | 3. Press info button  | 4. Press User Guide Hyperlink,User will be taken to user guide,,
OF_017,OF,17,,,Onboarding,Connection,1. Download and Launch App | 2. Go to Get Connected Page in onboarding | 3. Press next and allow all permissions | 4. Connect the HP500,The device should connect,,
OF_018,OF,18,,,Onboarding,Devices Paired Page,1. Download and Launch App | 2. Go to Get Connected Page in onboarding | 3. Press next and allow all permissions | 4. Connect the HP500," |  | Page Appears  |  | "" |  | Your devices are  | Paired! |  | (Continue)""",,
OF_019,OF,19,,,Onboarding,Devices Paired Page Continue ,1. Download and Launch App | 2. Go to Get Connected Page in onboarding | 3. Press next and allow all permissions | 4. Connect the HP500 | 5. Press continue,Takes user to Landing Page,,
OF_020,OF,20,,,Onboarding,Skip Onboarding,1. Download and Launch App | 2. Sign in | 3. Press skip all,Takes user to Landing Page,,
Hamburger_Menu_002,Hamburger Menu,2,,,Hamburger Menu,Permissions Pop Up,1. Skip onboarding | 2. Select Hamburger Icon | 3. Select manage Printers | 4. Allow Permissions,"Bluetooth Permissions should be prompted if onboarding was skipped, | permissions should grant and the app should search for a device.",,
Hamburger_Menu_003,Hamburger Menu,3,,,Hamburger Menu,App Setttings Page,1. Skip onboarding | 2. Select Hamburger Icon | 3. Select App Settings,"Page will show |  | ""Permissions | Camera, Gallery, Notifications... |  | Display app hints (Toggle) |  | Use Only Wifi With Google Photos (Toggle) |  | App Version (Version Number)""",,
Hamburger_Menu_004,Hamburger Menu,4,,,Hamburger Menu,App Setttings Page Permissions,1. Skip onboarding | 2. Select Hamburger Icon | 3. Select App Settings | 4. Select Permissions, | The native app settings on the end user  | device will be brought up. ,,
Hamburger_Menu_005,Hamburger Menu,5,,,Hamburger Menu,App Setttings Page App Hints Toggle,1. Skip onboarding | 2. Select Hamburger Icon | 3. Select App Settings | 4. Select Display app hints (Toggle),App  hints will toggle off or on depending on state ,,
Hamburger_Menu_006,Hamburger Menu,6,,,Hamburger Menu,App Setttings Page Google Wifi Toggle,1. Skip onboarding | 2. Select Hamburger Icon | 3. Select App Settings | 4. Use Only Wifi With Google Photos (Toggle),Goggle photos over wifi will toggle off or on depending on state ,,
Hamburger_Menu_007,Hamburger Menu,7,,,Hamburger Menu,Account Settings Page (Not signed in),1. Skip onboarding and don't sign in | 2. Select Hamburger Icon | 3. Select Account Settings,Join now button will appear since user didn't sign in,,
Hamburger_Menu_008,Hamburger Menu,8,,,Hamburger Menu,Account Settings Page Join Now Button,1. Skip onboarding and don't sign in | 2. Select Hamburger Icon | 3. Select Account Settings and join now,User will be sent to signup/login page,,
Hamburger_Menu_009,Hamburger Menu,9,,,Hamburger Menu,Account Settings Page (Signed in),1. Skip onboarding and don't sign in | 2. Select Hamburger Icon | 3. Select Account Settings," |  | Page will show |  | ""Change Password |  |  | Log Out |  | Delete account |  |  | """,,
Hamburger_Menu_010,Hamburger Menu,10,,,Hamburger Menu,Account Settings Page Change Password,1. Go to account settings>change password | ," |  | Page will show |  | ""Current password | New Password |  | Confrim new password | Password must be at least eight characters long, have at least one digit, one uppercase letter, and one lowercase letter | Save | """,,
Hamburger_Menu_011,Hamburger Menu,11,,,Hamburger Menu,Account Settings Page Change Password Parameters,1. Go to account settings>change password | 2. Enter the wrong password for current pass | 3. Enter Testpass1 for new pass,"Page will show |  | "" | Alert |  | Current password is incorrect |  | """,,
Hamburger_Menu_012,Hamburger Menu,12,,,Hamburger Menu,Account Settings Page Change Password Parameters,1. Go to account settings>change password | 2. Enter TestPass1 for current pass | 3. Enter Testpass1 for new pass,"Page will show |  | "" | Alert |  | You have entered old password |  | """,,
Hamburger_Menu_013,Hamburger Menu,13,,,Hamburger Menu,Account Settings Page Change Password Parameters,1. Go to account settings>change password | 2. Enter TestPass1 for current pass | 3. Enter testpass1 for new pass," |  |  | Page will show |  | "" | At least eight characters long, have at least one digit,  | one uppercase letter, and one lowercase letter |  | """,,
Hamburger_Menu_014,Hamburger Menu,14,,,Hamburger Menu,Account Settings Page Change Password Parameters,1. Go to account settings>change password | 2. Enter TestPass1 for current pass | 3. Enter t for new pass," |  |  | Page will show |  | "" | At least eight characters long, have at least one digit,  | one uppercase letter, and one lowercase letter |  | """,,
Hamburger_Menu_015,Hamburger Menu,15,,,Hamburger Menu,Account Settings Page Change Password Parameters,1. Go to account settings>change password | 2. Enter TestPass1 for current pass | 3. Enter testpass for new pass," |  |  | Page will show |  | "" | At least eight characters long, have at least one digit,  | one uppercase letter, and one lowercase letter |  | """,,
Hamburger_Menu_016,Hamburger Menu,16,,,Hamburger Menu,Account Settings Page Change Password Parameters,1. Go to account settings>change password | 2. Enter the correct password for current pass | 3. Enter Testpass1 for new pass | 4. Enter TestP@ss1 for confirm," |  |  | Page will show |  | "" | At least eight characters long, have at least one digit,  | one uppercase letter, and one lowercase letter |  | """,,
Hamburger_Menu_017,Hamburger Menu,17,,,Hamburger Menu,Account Settings Page Change Password Parameters,1. Go to account settings>change password | 2. Enter TestPass1 for current pass | 3. Enter testpass for new pass,Password changed successfully,,
Hamburger_Menu_018,Hamburger Menu,18,,,Hamburger Menu,Logout Pop Up,1. Go to account settings>log out | ," | Pop Up | "" Log out of Sprocket App?  |  | Would you like to log out of the Sprocket App? |  | Sign Out |  | Cancel |  | """,,
Hamburger_Menu_019,Hamburger Menu,19,,,Hamburger Menu,Log Out,1. Go to account settings>logout | 2. Log out ,User will be sent to signup/login page,,
Hamburger_Menu_020,Hamburger Menu,20,,,Hamburger Menu,Delete Account,1. Go to account settings>delete account," | Pop Up | ""Are you sure you'd like to delete | Your account?  |  | Please press Confirm Delete to complete deleting | Your account |  | Confirm Delete | Cancel""",,
Hamburger_Menu_021,Hamburger Menu,21,,,Hamburger Menu,Delete Account Pop Up,1. Go to account settings>delete account | 2. Delete account ,"Pop Up | ""Account Deleted |  | Thank you for using HP Sprocket |  | (Okay) """,,
Hamburger_Menu_022,Hamburger Menu,22,,,Hamburger Menu,Help Page (Reset Printer),1.  How to & Help | 2. Go to Reset Printer,"Page will appear with image of reset and  | ""If you have connectivity issues, press and hold the | small button on bottom of printer until it turns off. The printer will automatically restart. |  | When you complete a hardware reset, your | personalised settings will be save (Custom Name, Personal Color, etc.)."".",,
Hamburger_Menu_023,Hamburger Menu,23,,,Hamburger Menu,Help Page (Set Up Printer),1. Go to How to & Help | 2. Go to Set Up Printer,"Pages will appear. |  | Page 1: Charge + Power On | (Image) | Plug in the USB cord to charge and automatically power on the  | printer. When not charging, press and hold the power button | until the LEDs light up.  | (Next) |  | Page 2: | (Image) | Load Paper Roll | Lift the lid to remove. Load the paper roll by inserting the blue  | card first with its barcode facing-down. | (Next) |  | Page 3: | (Image) | Get Connected | Bluetooth(R) and printer turned on? Connect you mobile device | to the printer. | (Next)",,
Hamburger_Menu_024,Hamburger Menu,24,,,Hamburger Menu,Help Page (Set Up Printer) Info Buttons,1. Go to How to & Help | 2. Go to Set Up Printer | 3. Press the info buttons when they appear.  , | Page 2 Info button: | (Image) | The blue card inproves print quality and will | eject after it cleans and calibrates the printer.We | reccomend you keep it handy in casae needed | later.  |  | Also make sure to buy HP Sprocket Panorama  | Photo Paper Roll for use with HP Sprocket Panorama | Photo Paper Roll for use with HP Sprocket | Panorama |  |  | Page 3 Info Button:  | Unable to connect? | Three users can connect to the printer. Check | who is printing and connected when someone | finishes. |  | Still have questions? | See the HP Sprocket Panorama (USER GUIDE HYPERLINK.),,
Hamburger_Menu_025,Hamburger Menu,25,,,Hamburger Menu,Help Page (Print Quality Tips and Tricks),1. Go to How to & Help | 2. Go to Print Quality Tips and Tricks," | Print Quality Tips and Tricks |  | (Image) |  | Many factors can influence your print quality. For great | prints, check our list of tips and see what you like | best. |  |  | (Use the colored Print Quality Card) | (Update the firmware) | (Edit Photos) | (Use HP Paper) | (Cool Down) |  | Use the colored Print Quality Card |  | Each roll of HP Sprocket Panorama paper has a special blue card. | This is the HP Print Quality Card. Always load the card from the  | same roll of photo paper as is currently in the printer. This card | cleans, calibrates, and prepares your printer for that specific roll | of paper! Keep the colored sheet close by when printing.  |  | Think you see some print issues? Load the colored sheet again in | the printer to fine tune the print quality for that roll of paper. | When you open a new roll of paper, repeat the process every | time! As a reminder, load the colored card into the paper slot with | the barcode facing down.",,
Hamburger_Menu_026,Hamburger Menu,26,,,Hamburger Menu,Help Page (Print Quality Tips and Tricks) (Continued),1. Go to account How to & Help | 2. Go to Print Quality Tips and Tricks,"Update Firmware |  | Keep your printer firmware up to date. Make sure your printer is | charged at least 25% to update your firmware. You will be | automatically prompted when firmware updates are available. | The update will take a few minutes. During this time, stay in the | Sprocket Panorama app and if possible, connect your phone to a | power source during the update to prevent interruptions. |  | Edit Photos |  | Use the Sprocket app editing features to adjust color, brightness, contrast, and other factors in your prints, such as adding text and drawings. |  | Use HP Paper |  | We reccomend using HP branded paper for the best results. You can | purchase genuine HP Sprocket Photo Paper at (Hyperlink  https://sprocketprinters.com/collections/paper-and-cartridges). Store your | photo paper roll in a cool, dry place and avoid contact with water. |  | Cool Down |  | Allow a few minutes for your printer to cool down between | prints. Sprocket priners use heat to activate hidden ink in | your photo paper-with prints sent back-to-back, your printer | works overtime to keep cool! If you get an app message warning | about the printer temperature don't worry too much-the | printer will slow its print speed or pause automatically if it begins | to get warm. You can also try giving your printer a break between | print sessions if it's continually showing as too warm. |  | (Back to top arrow button)",,
Hamburger_Menu_027,Hamburger Menu,27,,,Hamburger Menu,(Use the colored Print Quality Card) Button,1. Go to  How to & Help | 2. Go to Print Quality Tips and Tricks | 3. Press (Use the colored Print Quality Card),Scroll user to section,,
Hamburger_Menu_028,Hamburger Menu,28,,,Hamburger Menu,(Update the firmware) Button,1. Go to  How to & Help | 2. Go to Print Quality Tips and Tricks | 3. Press (Update the firmware),Scroll user to section,,
Hamburger_Menu_029,Hamburger Menu,29,,,Hamburger Menu,(Edit Photos) Button,1. Go to  How to & Help | 2. Go to Print Quality Tips and Tricks | 3. Press (Edit Photos),Scroll user to section,,
Hamburger_Menu_030,Hamburger Menu,30,,,Hamburger Menu,(Use HP Paper) Button,1. Go to  How to & Help | 2. Go to Print Quality Tips and Tricks | 3. Press (Use HP Paper),Redirects user to purchase page,,
Hamburger_Menu_031,Hamburger Menu,31,,,,Up Arrow Button,1. Go to  How to & Help | 2. Go to Print Quality Tips and Tricks | 3. Press up arrow,Sends user back to top of page,,
Hamburger_Menu_032,Hamburger Menu,32,,,Hamburger Menu,(Cool Down) Button,1. Go to  How to & Help | 2. Go to Print Quality Tips and Tricks | 3. Press (Cool Down),Scroll user to section,,
Hamburger_Menu_033,Hamburger Menu,33,,,Hamburger Menu,Help Page (What Paper Type?),1. Go to  Print Quality Tips and Tricks | 2. Go to What Paper Type?,"Page will appear"" |  | (Image) |  | Make sure to buy HP Sprocket Panaoram Photo | Paper Roll for use with HP Sprocket Panorama! |  | Tip: HP Sprocket Panorama is not comptible with  | other types of Sprocket Photo Paper.""",,
Hamburger_Menu_034,Hamburger Menu,34,,,Hamburger Menu,Help Page (View User Guide),1. Go to  Print Quality Tips and Tricks | 2. Go to View User Guide,Navigate to User Guide Page,,
Hamburger_Menu_035,Hamburger Menu,35,,,Hamburger Menu,Help Page (Visit Support Website),1. Go to  Print Quality Tips and Tricks | 2. Go to Visit Support Website,Navigate to support site,,
Hamburger_Menu_036,Hamburger Menu,36,,,Hamburger Menu,Help Page (Join Support Forum),1. Go to  How to & Help | 2. Go to Join Support Forum,Navigate to support forum,,
Hamburger_Menu_037,Hamburger Menu,37,,,Hamburger Menu,Help Page (Chat with HP Virtual Agent),1. Go to account How to & Help | 2. Go to Chat with HP Virtual Agent,Navigate to livechat site,,
Hamburger_Menu_038,Hamburger Menu,38,,,Hamburger Menu,Buy Paper Button,1. Go to Hamburger Menu | 2. Go to Buy Paper,Redirects user to purchase page,,
Hamburger_Menu_039,Hamburger Menu,39,,,Hamburger Menu,Legal & Privacy Page,1. Go to Hamburger Menu | 2. Go to Legal & Privacy,"Page will appear "" | <	Legal & Privacy |  | Data Collection Settings >  | Privacy > | End User Agreement > | Terms of Service > | Open Source Licenses >""",,
Hamburger_Menu_040,Hamburger Menu,40,,,Hamburger Menu,Data Collection Page,1. Go to Hamburger Menu | 2. Go to Legal & Privacy | 3. Go to Data Collection Settings,"Page will appear | "" | < Data Collection Settings | C&A MArketing, Inc (""C&A"") is tghe manufacturer of the Hp(R)  | Sprocket(R), under license from HP, Inc. C&A automatically collects  | and analyzes usage and technical data from your devices, as well | as any apps used to facilitate device operation and to manage | your relationship with C&A and better serve you by personalizing | your experiences and interactions with us. You can read more in | the sections titled What Data We Collect"" and ""How We Use | Data"" in the C&A Privacy Statement (HYPERLINK https:// | sprocketprinters.com/pages/privacy-statement). |  | [] Automatic Data Collection - Device and App | Alow device or app to automatically collect and send | usage and technical data to C&A, allow associated | devices updates, and enable printer setup. |  | [] Automatic Data Collection - Applications | C&A will collect app usage data through Google | Analytics. (HYPERLINK Learn more about google Analytics.) |  | Allow app to send usage data to C&A. "" ",,
Hamburger_Menu_041,Hamburger Menu,41,,,Hamburger Menu,Data Collection Page Checkboxes,1. Go to Hamburger Menu | 2. Go to Legal & Privacy | 3. Go to Data Collection Settings | 4. Check the feilds | 5. Go back to Legal & Privacy | 6. Go back to Data Collection Settings,The boxes should still be checked off. ,,
Hamburger_Menu_042,Hamburger Menu,42,,,Hamburger Menu,Privacy Page,1. Go to Hamburger Menu | 2. Go to Legal & Privacy | 3. Go to Privacy,Privacy page website should appear.,,
Hamburger_Menu_043,Hamburger Menu,43,,,Hamburger Menu,End User Agreement Page,1. Go to Hamburger Menu | 2. Go to Legal & Privacy | 3. Go to End User Agreement,End User Agreement page should appear.,,
Hamburger_Menu_044,Hamburger Menu,44,,,Hamburger Menu,Terms Of Service Page,1. Go to Hamburger Menu | 2. Go to Legal & Privacy | 3. Go to TOS Page,TOS page will appear,,
Hamburger_Menu_045,Hamburger Menu,45,,,Hamburger Menu,Open Source Licenses Page,1. Go to Hamburger Menu | 2. Go to Legal & Privacy | 3. Go to Open Source Licenses,Open Source Licenses page will appear,,
Hamburger_Menu_046,Hamburger Menu,46,,,Hamburger Menu,Manage Printers Page,1. Go to Hamburger Menu | 2. Go to Manage Printers with a device connected," | Page will appear | "" | <	Manage Printers |  | (+) Add New Printer |  | (\|) HP Sprocket Panorama (XX:XX)	> | """,,
Hamburger_Menu_047,Hamburger Menu,47,,,Hamburger Menu,Manage Printers HW Device Page,1. Go to Hamburger Menu | 2. Go to Manage Printers with a device connected | 3. Select Device,""" | <	HP Sprocket Panorama (XX:XX) | 		 | 		Settings | Custom Name	HP Sprocket Panorama (XX:XX)> | Sleep Timer	(Saved Setting) > | Auto Off	(Saved Setting)> | 		Status | Device State	(Status) | Battery		(Percentage) | 		Techincal Details | MAC Adress	(Mac Address) | Firmware Version	(Version) | Hardware Version	(Version) | Technical Information		> | """,,
Hamburger_Menu_048,Hamburger Menu,48,,,Hamburger Menu,Custom Name Feature,1. Go to Hamburger Menu | 2. Go to Manage Printers with a device connected | 3. Select Device | 4. Select Custom Name | 5. Change name,The name will change and reflect in app,,
Hamburger_Menu_049,Hamburger Menu,49,,,Hamburger Menu,Sleep Timer,"1. Go to Hamburger Menu | 2. Go to Manage Printers with a device connected | 3. Select Device | 4. Select Sleep Timer | 5.Select 10,5,3 minutes and wait for HW device to power off",Device will sleep based on set intervals,,
Hamburger_Menu_050,Hamburger Menu,50,,,Hamburger Menu,Sleep Timer,1. Go to Hamburger Menu | 2. Go to Manage Printers with a device connected | 3. Select Device | 4. Select Sleep Timer | 5.Select Always Awake,Device will never sleep and remain powered on fully until the battery dies,,
Hamburger_Menu_051,Hamburger Menu,51,,,Hamburger Menu,Auto Off,"1. Go to Hamburger Menu | 2. Go to Manage Printers with a device connected | 3. Select Device | 4. Select Auto Off | 5. Select 5,2,1 hour(s) and observe if the shutdown occurs",Device will power fully off based on set intervals,,
Hamburger_Menu_052,Hamburger Menu,52,,,Hamburger Menu,Auto Off,1. Go to Hamburger Menu | 2. Go to Manage Printers with a device connected | 3. Select Device | 4. Select Auto Off | 5. Select Always On,Device will remain powered on fully and will not power off until the battery dies ,,
Hamburger_Menu_053,Hamburger Menu,53,,,Hamburger Menu,Techincal Information,1. Go to Hamburger Menu | 2. Go to Manage Printers with a device connected | 3. Select Device | 4. Select Technical Information,Techincal info page will appear,,
LED_Scenarios_002,LED Scenarios,2,,,LED Senarios,Status Status LED Powered Off,1. Ensure Device is powered off,No light,,
LED_Scenarios_003,LED Scenarios,3,,,LED Senarios,Status LED Sleep,1. Ensure Device is in sleep mode,No light,,
LED_Scenarios_004,LED Scenarios,4,,,LED Senarios,Status LED Initial Startup,1. Power on and observe Status LED during startup,Cycle through all colors,,
LED_Scenarios_005,LED Scenarios,5,,,LED Senarios,Status LED Idle Printer Not Connected ,"1. Ensure Device is Powered on, fully booted, Idling and not connected","BRIGHT Blue, Blinking slow",,
LED_Scenarios_006,LED Scenarios,6,,,LED Senarios,Status LED Printer Connect Successfully,"1. Ensure Device is Powered on, fully booted, and connected | 2. Observe Status LED as soon as it connects","BRIGHT Blue, Blinking fast (3 times before turning Solid Blue )",,
LED_Scenarios_007,LED Scenarios,7,,,LED Senarios,Status LED Idle Printer Connected,"1. Ensure Device is Powered on, fully booted, Idling and connected | 2. Observe Status LED after connection sucessful flashing",Solid Blue,,
LED_Scenarios_008,LED Scenarios,8,,,LED Senarios,Status LED Printer Accepting Print Job,1. Send a print Job to connected device | 2. Observe the Status LED as it downloads the data,"BRIGHT Blue, Blinking fast (3 times before turning Solid Blue )",,
LED_Scenarios_009,LED Scenarios,9,,,LED Senarios,Status LED Printer Printing Photo After Job Accepted Fully ,1. Send a print Job to connected device | 2. Observe the Status LED as it begins to actually print,"BRIGHT Blue, Blinking slow",,
LED_Scenarios_010,LED Scenarios,10,,,LED Senarios,Status LED Ready to Cut,1. Send a print Job to connected device | 2. Observe the Status LED as app informs the user to cut the paper,"BRIGHT Green, Blinking fast",,
LED_Scenarios_011,LED Scenarios,11,,,LED Senarios,Status LED Overheat Detected,1. Send print Jobs to connected device until the printer begins to overheat | 2. Observe the Status LED as app informs user of overheating,"Red, Blinking slowly",,
LED_Scenarios_012,LED Scenarios,12,,,LED Senarios,Status LED Out of Paper,1. Send a print Job to connected device with no paper | 2. Observe the Status LED as app informs the user of no paper left ,"Red, Blinking slowly",,
LED_Scenarios_013,LED Scenarios,13,,,LED Senarios,Status LED Cover Open,1. Send a print Job to connected device with cover open | 2. Observe the Status LED as app informs the user of open cover,"Red, Blinking slowly",,
LED_Scenarios_014,LED Scenarios,14,,,LED Senarios,Status LED Paper Jam,1. Send a print Job to connected device and block the paper from exiting the printer | 2. Observe the Status LED as app informs the user of paper jam,"Red, Blinking slowly",,
LED_Scenarios_015,LED Scenarios,15,,,LED Senarios,Status LED Low Battery,1. Send a print Job to connected device with low battery | 2. Observe the Status LED as it informs user of low battery,"Red, Blinking slowly",,
LED_Scenarios_016,LED Scenarios,16,,,LED Senarios,Status LED Firmware Update,1. Initiate a firmware update | 2. Observe the Status LED as it updates,"BRIGHT Blue , Blinking fast",,
LED_Scenarios_017,LED Scenarios,17,,,LED Senarios,Charge LED USB Not Connected Full Charge ,1. Ensure Battery is in charge range of 90-100 percent | 2. Observe Charge LED,Green,,
LED_Scenarios_018,LED Scenarios,18,,,LED Senarios,Charge LED USB Not Connected Medium Charge ,1. Ensure Battery is in charge range of 16-89 percent | 2. Observe Charge LED,Amber,,
LED_Scenarios_019,LED Scenarios,19,,,LED Senarios,Charge LED USB Not Connected Low Charge ,1. Ensure Battery is in charge range of 4-15 percent | 2. Observe Charge LED,"Red, Blinking",,
LED_Scenarios_020,LED Scenarios,20,,,LED Senarios,Charge LED USB Connected Full Charge ,1. Ensure Battery is charging and in charge range of 90-100 percent | 2. Observe Charge LED,Green,,
LED_Scenarios_021,LED Scenarios,21,,,LED Senarios,Charge LED USB Connected Medium Charge ,1. Ensure Battery is charging and is in charge range of 16-99 percent | 2. Observe Charge LED,Amber,,
LED_Scenarios_022,LED Scenarios,22,,,LED Senarios,Charge LED USB Connected Low Charge ,1. Ensure Battery is charging and is in Low battery range 0-15 Percent | 2. Observe Charge LED,"Red, Blinking",,
